Feature,Importance
Torque [Nm],0.3209545766838526
Rotational speed [rpm],0.2147124702638528
Air temperature [K],0.16156544874046663
Tool wear [min],0.15393644499419223
Process temperature [K],0.1488310593176357
